Area Code,State,Area Code +1
239,Florida,1239
305,Florida,1305
321,Florida,1321
352,Florida,1352
386,Florida,1386
407,Florida,1407
561,Florida,1561
727,Florida,1727
754,Florida,1754
772,Florida,1772
786,Florida,1786
813,Florida,1813
850,Florida,1850
863,Florida,1863
904,Florida,1904
941,Florida,1941
954,Florida,1954
209,California,1209
213,California,1213
279,California,1279
310,California,1310
323,California,1323
408,California,1408
415,California,1415
424,California,1424
442,California,1442
510,California,1510
530,California,1530
559,California,1559
562,California,1562
619,California,1619
626,California,1626
628,California,1628
650,California,1650
657,California,1657
661,California,1661
669,California,1669
707,California,1707
714,California,1714
747,California,1747
760,California,1760
805,California,1805
818,California,1818
820,California,1820
831,California,1831
858,California,1858
909,California,1909
916,California,1916
925,California,1925
949,California,1949
951,California,1951
205,Alabama,1205
251,Alabama,1251
256,Alabama,1256
334,Alabama,1334
938,Alabama,1938
907,Alaska,1907
480,Arizona,1480
520,Arizona,1520
602,Arizona,1602
623,Arizona,1623
928,Arizona,1928
327,Arkansas,1327
479,Arkansas,1479
501,Arkansas,1501
870,Arkansas,1870
303,Colorado,1303
719,Colorado,1719
720,Colorado,1720
970,Colorado,1970
983,Colorado,1983
203,Connecticut,1203
475,Connecticut,1475
860,Connecticut,1860
959,Connecticut,1959
302,Delaware,1302
202,District of Columbia,1202
229,Georgia,1229
404,Georgia,1404
470,Georgia,1470
478,Georgia,1478
678,Georgia,1678
706,Georgia,1706
762,Georgia,1762
770,Georgia,1770
912,Georgia,1912
808,Hawaii,1808
208,Idaho,1208
986,Idaho,1986
217,Illinois,1217
224,Illinois,1224
309,Illinois,1309
312,Illinois,1312
331,Illinois,1331
447,Illinois,1447
464,Illinois,1464
618,Illinois,1618
630,Illinois,1630
708,Illinois,1708
773,Illinois,1773
779,Illinois,1779
815,Illinois,1815
847,Illinois,1847
872,Illinois,1872
219,Indiana,1219
260,Indiana,1260
317,Indiana,1317
463,Indiana,1463
574,Indiana,1574
765,Indiana,1765
812,Indiana,1812
930,Indiana,1930
319,Iowa,1319
515,Iowa,1515
563,Iowa,1563
641,Iowa,1641
712,Iowa,1712
316,Kansas,1316
620,Kansas,1620
785,Kansas,1785
913,Kansas,1913
270,Kentucky,1270
364,Kentucky,1364
502,Kentucky,1502
606,Kentucky,1606
859,Kentucky,1859
225,Louisiana,1225
318,Louisiana,1318
337,Louisiana,1337
504,Louisiana,1504
985,Louisiana,1985
207,Maine,1207
227,Maryland,1227
240,Maryland,1240
301,Maryland,1301
410,Maryland,1410
443,Maryland,1443
667,Maryland,1667
339,Massachusetts,1339
351,Massachusetts,1351
413,Massachusetts,1413
508,Massachusetts,1508
617,Massachusetts,1617
774,Massachusetts,1774
781,Massachusetts,1781
857,Massachusetts,1857
978,Massachusetts,1978
231,Michigan,1231
248,Michigan,1248
269,Michigan,1269
313,Michigan,1313
517,Michigan,1517
586,Michigan,1586
616,Michigan,1616
679,Michigan,1679
734,Michigan,1734
810,Michigan,1810
906,Michigan,1906
947,Michigan,1947
989,Michigan,1989
218,Minnesota,1218
320,Minnesota,1320
507,Minnesota,1507
612,Minnesota,1612
651,Minnesota,1651
763,Minnesota,1763
952,Minnesota,1952
228,Mississippi,1228
601,Mississippi,1601
662,Mississippi,1662
769,Mississippi,1769
314,Missouri,1314
417,Missouri,1417
557,Missouri,1557
573,Missouri,1573
636,Missouri,1636
660,Missouri,1660
816,Missouri,1816
975,Missouri,1975
406,Montana,1406
308,Nebraska,1308
402,Nebraska,1402
531,Nebraska,1531
702,Nevada,1702
725,Nevada,1725
775,Nevada,1775
603,New Hampshire,1603
201,New Jersey,1201
551,New Jersey,1551
609,New Jersey,1609
640,New Jersey,1640
732,New Jersey,1732
848,New Jersey,1848
856,New Jersey,1856
862,New Jersey,1862
908,New Jersey,1908
973,New Jersey,1973
505,New Mexico,1505
575,New Mexico,1575
212,New York,1212
315,New York,1315
332,New York,1332
347,New York,1347
516,New York,1516
518,New York,1518
607,New York,1607
631,New York,1631
646,New York,1646
680,New York,1680
716,New York,1716
718,New York,1718
845,New York,1845
914,New York,1914
917,New York,1917
929,New York,1929
934,New York,1934
252,North Carolina,1252
336,North Carolina,1336
472,North Carolina,1472
704,North Carolina,1704
743,North Carolina,1743
828,North Carolina,1828
910,North Carolina,1910
919,North Carolina,1919
980,North Carolina,1980
984,North Carolina,1984
701,North Dakota,1701
216,Ohio,1216
220,Ohio,1220
234,Ohio,1234
283,Ohio,1283
326,Ohio,1326
330,Ohio,1330
380,Ohio,1380
419,Ohio,1419
440,Ohio,1440
513,Ohio,1513
567,Ohio,1567
614,Ohio,1614
740,Ohio,1740
937,Ohio,1937
405,Oklahoma,1405
539,Oklahoma,1539
572,Oklahoma,1572
580,Oklahoma,1580
918,Oklahoma,1918
458,Oregon,1458
503,Oregon,1503
541,Oregon,1541
971,Oregon,1971
215,Pennsylvania,1215
223,Pennsylvania,1223
267,Pennsylvania,1267
272,Pennsylvania,1272
412,Pennsylvania,1412
445,Pennsylvania,1445
484,Pennsylvania,1484
570,Pennsylvania,1570
610,Pennsylvania,1610
717,Pennsylvania,1717
724,Pennsylvania,1724
814,Pennsylvania,1814
878,Pennsylvania,1878
401,Rhode Island,1401
803,South Carolina,1803
839,South Carolina,1839
843,South Carolina,1843
854,South Carolina,1854
864,South Carolina,1864
605,South Dakota,1605
423,Tennessee,1423
615,Tennessee,1615
629,Tennessee,1629
731,Tennessee,1731
865,Tennessee,1865
901,Tennessee,1901
931,Tennessee,1931
210,Texas,1210
214,Texas,1214
254,Texas,1254
281,Texas,1281
325,Texas,1325
346,Texas,1346
361,Texas,1361
409,Texas,1409
430,Texas,1430
432,Texas,1432
469,Texas,1469
512,Texas,1512
682,Texas,1682
713,Texas,1713
726,Texas,1726
737,Texas,1737
806,Texas,1806
817,Texas,1817
830,Texas,1830
832,Texas,1832
903,Texas,1903
915,Texas,1915
936,Texas,1936
940,Texas,1940
956,Texas,1956
972,Texas,1972
979,Texas,1979
385,Utah,1385
435,Utah,1435
801,Utah,1801
802,Vermont,1802
276,Virginia,1276
434,Virginia,1434
540,Virginia,1540
571,Virginia,1571
703,Virginia,1703
757,Virginia,1757
804,Virginia,1804
206,Washington,1206
253,Washington,1253
360,Washington,1360
425,Washington,1425
509,Washington,1509
564,Washington,1564
304,West Virginia,1304
681,West Virginia,1681
262,Wisconsin,1262
274,Wisconsin,1274
414,Wisconsin,1414
534,Wisconsin,1534
608,Wisconsin,1608
715,Wisconsin,1715
920,Wisconsin,1920
307,Wyoming,1307
800,Tell Free,1800